Product,Date,Units Sold
Sneakers - Size 10,2025-01-01,7
Sneakers - Size 10,2025-01-02,6
Sneakers - Size 10,2025-01-03,7
Sneakers - Size 10,2025-01-04,10
Sneakers - Size 10,2025-01-05,8
Sneakers - Size 10,2025-01-06,6
Sneakers - Size 10,2025-01-07,8
Sneakers - Size 10,2025-01-08,7
Sneakers - Size 10,2025-01-09,6
Sneakers - Size 10,2025-01-10,7
Sneakers - Size 10,2025-01-11,8
Sneakers - Size 10,2025-01-12,8
Sneakers - Size 10,2025-01-13,7
Sneakers - Size 10,2025-01-14,5
Sneakers - Size 10,2025-01-15,5
Sneakers - Size 10,2025-01-16,6
Sneakers - Size 10,2025-01-17,6
Sneakers - Size 10,2025-01-18,9
Sneakers - Size 10,2025-01-19,8
Sneakers - Size 10,2025-01-20,5
Sneakers - Size 10,2025-01-21,8
Sneakers - Size 10,2025-01-22,6
Sneakers - Size 10,2025-01-23,7
Sneakers - Size 10,2025-01-24,5
Sneakers - Size 10,2025-01-25,9
Sneakers - Size 10,2025-01-26,10
Sneakers - Size 10,2025-01-27,6
Sneakers - Size 10,2025-01-28,8
Sneakers - Size 10,2025-01-29,7
Sneakers - Size 10,2025-01-30,7
Sneakers - Size 10,2025-01-31,7
Sneakers - Size 10,2025-02-01,10
Sneakers - Size 10,2025-02-02,8
Sneakers - Size 10,2025-02-03,5
Sneakers - Size 10,2025-02-04,7
Sneakers - Size 10,2025-02-05,5
Sneakers - Size 10,2025-02-06,7
Sneakers - Size 10,2025-02-07,5
Sneakers - Size 10,2025-02-08,7
Sneakers - Size 10,2025-02-09,9
Sneakers - Size 10,2025-02-10,7
Sneakers - Size 10,2025-02-11,7
Sneakers - Size 10,2025-02-12,6
Sneakers - Size 10,2025-02-13,6
Sneakers - Size 10,2025-02-14,5
Sneakers - Size 10,2025-02-15,8
Sneakers - Size 10,2025-02-16,8
Sneakers - Size 10,2025-02-17,8
Sneakers - Size 10,2025-02-18,7
Sneakers - Size 10,2025-02-19,5
Sneakers - Size 10,2025-02-20,7
Sneakers - Size 10,2025-02-21,6
Sneakers - Size 10,2025-02-22,8
Sneakers - Size 10,2025-02-23,9
Sneakers - Size 10,2025-02-24,8
Sneakers - Size 10,2025-02-25,8
Sneakers - Size 10,2025-02-26,7
Sneakers - Size 10,2025-02-27,7
Sneakers - Size 10,2025-02-28,8
Sneakers - Size 10,2025-03-01,10
Sneakers - Size 10,2025-03-02,9
Sneakers - Size 10,2025-03-03,7
Sneakers - Size 10,2025-03-04,6
Sneakers - Size 10,2025-03-05,6
Sneakers - Size 10,2025-03-06,8
Sneakers - Size 10,2025-03-07,8
Sneakers - Size 10,2025-03-08,9
Sneakers - Size 10,2025-03-09,10
Sneakers - Size 10,2025-03-10,8
Sneakers - Size 10,2025-03-11,7
Sneakers - Size 10,2025-03-12,8
Sneakers - Size 10,2025-03-13,9
Sneakers - Size 10,2025-03-14,7
Sneakers - Size 10,2025-03-15,11
Sneakers - Size 10,2025-03-16,7
Sneakers - Size 10,2025-03-17,8
Sneakers - Size 10,2025-03-18,7
Sneakers - Size 10,2025-03-19,7
Sneakers - Size 10,2025-03-20,7
Sneakers - Size 10,2025-03-21,5
Sneakers - Size 10,2025-03-22,9
Sneakers - Size 10,2025-03-23,10
Sneakers - Size 10,2025-03-24,9
Sneakers - Size 10,2025-03-25,8
Sneakers - Size 10,2025-03-26,7
Sneakers - Size 10,2025-03-27,8
Sneakers - Size 10,2025-03-28,9
Sneakers - Size 10,2025-03-29,11
Sneakers - Size 10,2025-03-30,10
Sneakers - Size 10,2025-03-31,9
Sneakers - Size 10,2025-04-01,7
Sneakers - Size 10,2025-04-02,8
Sneakers - Size 10,2025-04-03,6
Sneakers - Size 10,2025-04-04,7
Sneakers - Size 10,2025-04-05,9
Sneakers - Size 10,2025-04-06,8
Sneakers - Size 10,2025-04-07,7
Sneakers - Size 10,2025-04-08,7
Sneakers - Size 10,2025-04-09,7
Sneakers - Size 10,2025-04-10,7
Sneakers - Size 10,2025-04-11,6
Sneakers - Size 10,2025-04-12,9
Sneakers - Size 10,2025-04-13,9
Sneakers - Size 10,2025-04-14,6
Sneakers - Size 10,2025-04-15,7
Sneakers - Size 10,2025-04-16,8
Sneakers - Size 10,2025-04-17,9
Sneakers - Size 10,2025-04-18,7
Sneakers - Size 10,2025-04-19,10
Sneakers - Size 10,2025-04-20,9
Sneakers - Size 10,2025-04-21,5
Sneakers - Size 10,2025-04-22,7
Sneakers - Size 10,2025-04-23,7
Sneakers - Size 10,2025-04-24,10
Sneakers - Size 10,2025-04-25,8
Sneakers - Size 10,2025-04-26,11
Sneakers - Size 10,2025-04-27,11
Sneakers - Size 10,2025-04-28,7
Sneakers - Size 10,2025-04-29,9
Sneakers - Size 10,2025-04-30,9
Sneakers - Size 10,2025-05-01,8
Sneakers - Size 10,2025-05-02,6
Sneakers - Size 10,2025-05-03,11
Sneakers - Size 10,2025-05-04,8
Sneakers - Size 10,2025-05-05,8
Sneakers - Size 10,2025-05-06,9
Sneakers - Size 10,2025-05-07,6
Sneakers - Size 10,2025-05-08,7
Sneakers - Size 10,2025-05-09,7
Sneakers - Size 10,2025-05-10,9
Sneakers - Size 10,2025-05-11,8
Sneakers - Size 10,2025-05-12,7
Sneakers - Size 10,2025-05-13,6
Sneakers - Size 10,2025-05-14,8
Sneakers - Size 10,2025-05-15,6
Sneakers - Size 10,2025-05-16,9
Sneakers - Size 10,2025-05-17,9
Sneakers - Size 10,2025-05-18,9
Sneakers - Size 10,2025-05-19,8
Sneakers - Size 10,2025-05-20,6
Sneakers - Size 10,2025-05-21,7
Sneakers - Size 10,2025-05-22,8
Sneakers - Size 10,2025-05-23,6
Sneakers - Size 10,2025-05-24,9
Sneakers - Size 10,2025-05-25,11
Sneakers - Size 10,2025-05-26,9
Sneakers - Size 10,2025-05-27,7
Sneakers - Size 10,2025-05-28,7
Sneakers - Size 10,2025-05-29,9
Sneakers - Size 10,2025-05-30,9
Sneakers - Size 10,2025-05-31,11
Sneakers - Size 10,2025-06-01,9
Sneakers - Size 10,2025-06-02,6
Sneakers - Size 10,2025-06-03,7
Sneakers - Size 10,2025-06-04,7
Sneakers - Size 10,2025-06-05,6
Sneakers - Size 10,2025-06-06,8
Sneakers - Size 10,2025-06-07,9
Sneakers - Size 10,2025-06-08,7
Sneakers - Size 10,2025-06-09,7
Sneakers - Size 10,2025-06-10,6
Sneakers - Size 10,2025-06-11,7
Sneakers - Size 10,2025-06-12,8
Sneakers - Size 10,2025-06-13,6
Sneakers - Size 10,2025-06-14,9
Sneakers - Size 10,2025-06-15,9
Sneakers - Size 10,2025-06-16,7
Sneakers - Size 10,2025-06-17,8
Sneakers - Size 10,2025-06-18,6
Sneakers - Size 10,2025-06-19,6
Sneakers - Size 10,2025-06-20,6
Sneakers - Size 10,2025-06-21,8
Sneakers - Size 10,2025-06-22,8
Sneakers - Size 10,2025-06-23,7
Sneakers - Size 10,2025-06-24,7
Sneakers - Size 10,2025-06-25,8
Sneakers - Size 10,2025-06-26,7
Sneakers - Size 10,2025-06-27,9
Sneakers - Size 10,2025-06-28,9
Sneakers - Size 10,2025-06-29,12
Running Shorts - M,2025-01-01,4
Running Shorts - M,2025-01-02,3
Running Shorts - M,2025-01-03,3
Running Shorts - M,2025-01-04,5
Running Shorts - M,2025-01-05,5
Running Shorts - M,2025-01-06,4
Running Shorts - M,2025-01-07,4
Running Shorts - M,2025-01-08,4
Running Shorts - M,2025-01-09,3
Running Shorts - M,2025-01-10,3
Running Shorts - M,2025-01-11,5
Running Shorts - M,2025-01-12,6
Running Shorts - M,2025-01-13,4
Running Shorts - M,2025-01-14,3
Running Shorts - M,2025-01-15,4
Running Shorts - M,2025-01-16,4
Running Shorts - M,2025-01-17,3
Running Shorts - M,2025-01-18,5
Running Shorts - M,2025-01-19,5
Running Shorts - M,2025-01-20,3
Running Shorts - M,2025-01-21,4
Running Shorts - M,2025-01-22,4
Running Shorts - M,2025-01-23,5
Running Shorts - M,2025-01-24,5
Running Shorts - M,2025-01-25,5
Running Shorts - M,2025-01-26,5
Running Shorts - M,2025-01-27,5
Running Shorts - M,2025-01-28,5
Running Shorts - M,2025-01-29,5
Running Shorts - M,2025-01-30,7
Running Shorts - M,2025-01-31,5
Running Shorts - M,2025-02-01,6
Running Shorts - M,2025-02-02,6
Running Shorts - M,2025-02-03,4
Running Shorts - M,2025-02-04,4
Running Shorts - M,2025-02-05,4
Running Shorts - M,2025-02-06,4
Running Shorts - M,2025-02-07,4
Running Shorts - M,2025-02-08,5
Running Shorts - M,2025-02-09,5
Running Shorts - M,2025-02-10,5
Running Shorts - M,2025-02-11,3
Running Shorts - M,2025-02-12,4
Running Shorts - M,2025-02-13,3
Running Shorts - M,2025-02-14,4
Running Shorts - M,2025-02-15,6
Running Shorts - M,2025-02-16,5
Running Shorts - M,2025-02-17,3
Running Shorts - M,2025-02-18,4
Running Shorts - M,2025-02-19,4
Running Shorts - M,2025-02-20,4
Running Shorts - M,2025-02-21,4
Running Shorts - M,2025-02-22,5
Running Shorts - M,2025-02-23,5
Running Shorts - M,2025-02-24,5
Running Shorts - M,2025-02-25,5
Running Shorts - M,2025-02-26,3
Running Shorts - M,2025-02-27,5
Running Shorts - M,2025-02-28,4
Running Shorts - M,2025-03-01,6
Running Shorts - M,2025-03-02,5
Running Shorts - M,2025-03-03,4
Running Shorts - M,2025-03-04,5
Running Shorts - M,2025-03-05,5
Running Shorts - M,2025-03-06,4
Running Shorts - M,2025-03-07,4
Running Shorts - M,2025-03-08,5
Running Shorts - M,2025-03-09,5
Running Shorts - M,2025-03-10,5
Running Shorts - M,2025-03-11,5
Running Shorts - M,2025-03-12,4
Running Shorts - M,2025-03-13,5
Running Shorts - M,2025-03-14,6
Running Shorts - M,2025-03-15,6
Running Shorts - M,2025-03-16,5
Running Shorts - M,2025-03-17,4
Running Shorts - M,2025-03-18,5
Running Shorts - M,2025-03-19,4
Running Shorts - M,2025-03-20,5
Running Shorts - M,2025-03-21,5
Running Shorts - M,2025-03-22,5
Running Shorts - M,2025-03-23,6
Running Shorts - M,2025-03-24,2
Running Shorts - M,2025-03-25,4
Running Shorts - M,2025-03-26,5
Running Shorts - M,2025-03-27,4
Running Shorts - M,2025-03-28,6
Running Shorts - M,2025-03-29,6
Running Shorts - M,2025-03-30,6
Running Shorts - M,2025-03-31,5
Running Shorts - M,2025-04-01,5
Running Shorts - M,2025-04-02,4
Running Shorts - M,2025-04-03,5
Running Shorts - M,2025-04-04,4
Running Shorts - M,2025-04-05,5
Running Shorts - M,2025-04-06,6
Running Shorts - M,2025-04-07,5
Running Shorts - M,2025-04-08,4
Running Shorts - M,2025-04-09,4
Running Shorts - M,2025-04-10,4
Running Shorts - M,2025-04-11,4
Running Shorts - M,2025-04-12,6
Running Shorts - M,2025-04-13,7
Running Shorts - M,2025-04-14,4
Running Shorts - M,2025-04-15,6
Running Shorts - M,2025-04-16,3
Running Shorts - M,2025-04-17,4
Running Shorts - M,2025-04-18,5
Running Shorts - M,2025-04-19,6
Running Shorts - M,2025-04-20,5
Running Shorts - M,2025-04-21,4
Running Shorts - M,2025-04-22,4
Running Shorts - M,2025-04-23,4
Running Shorts - M,2025-04-24,5
Running Shorts - M,2025-04-25,5
Running Shorts - M,2025-04-26,6
Running Shorts - M,2025-04-27,7
Running Shorts - M,2025-04-28,5
Running Shorts - M,2025-04-29,6
Running Shorts - M,2025-04-30,5
Running Shorts - M,2025-05-01,4
Running Shorts - M,2025-05-02,4
Running Shorts - M,2025-05-03,6
Running Shorts - M,2025-05-04,6
Running Shorts - M,2025-05-05,4
Running Shorts - M,2025-05-06,4
Running Shorts - M,2025-05-07,5
Running Shorts - M,2025-05-08,4
Running Shorts - M,2025-05-09,5
Running Shorts - M,2025-05-10,6
Running Shorts - M,2025-05-11,6
Running Shorts - M,2025-05-12,5
Running Shorts - M,2025-05-13,5
Running Shorts - M,2025-05-14,5
Running Shorts - M,2025-05-15,5
Running Shorts - M,2025-05-16,4
Running Shorts - M,2025-05-17,6
Running Shorts - M,2025-05-18,6
Running Shorts - M,2025-05-19,5
Running Shorts - M,2025-05-20,4
Running Shorts - M,2025-05-21,4
Running Shorts - M,2025-05-22,5
Running Shorts - M,2025-05-23,4
Running Shorts - M,2025-05-24,7
Running Shorts - M,2025-05-25,6
Running Shorts - M,2025-05-26,4
Running Shorts - M,2025-05-27,6
Running Shorts - M,2025-05-28,6
Running Shorts - M,2025-05-29,5
Running Shorts - M,2025-05-30,5
Running Shorts - M,2025-05-31,7
Running Shorts - M,2025-06-01,5
Running Shorts - M,2025-06-02,4
Running Shorts - M,2025-06-03,4
Running Shorts - M,2025-06-04,5
Running Shorts - M,2025-06-05,4
Running Shorts - M,2025-06-06,4
Running Shorts - M,2025-06-07,5
Running Shorts - M,2025-06-08,5
Running Shorts - M,2025-06-09,4
Running Shorts - M,2025-06-10,4
Running Shorts - M,2025-06-11,4
Running Shorts - M,2025-06-12,4
Running Shorts - M,2025-06-13,4
Running Shorts - M,2025-06-14,5
Running Shorts - M,2025-06-15,5
Running Shorts - M,2025-06-16,3
Running Shorts - M,2025-06-17,3
Running Shorts - M,2025-06-18,4
Running Shorts - M,2025-06-19,4
Running Shorts - M,2025-06-20,4
Running Shorts - M,2025-06-21,6
Running Shorts - M,2025-06-22,6
Running Shorts - M,2025-06-23,4
Running Shorts - M,2025-06-24,4
Running Shorts - M,2025-06-25,4
Running Shorts - M,2025-06-26,5
Running Shorts - M,2025-06-27,4
Running Shorts - M,2025-06-28,6
Running Shorts - M,2025-06-29,5
Gym Bag - Black,2025-01-01,5
Gym Bag - Black,2025-01-02,6
Gym Bag - Black,2025-01-03,5
Gym Bag - Black,2025-01-04,7
Gym Bag - Black,2025-01-05,7
Gym Bag - Black,2025-01-06,5
Gym Bag - Black,2025-01-07,5
Gym Bag - Black,2025-01-08,5
Gym Bag - Black,2025-01-09,5
Gym Bag - Black,2025-01-10,4
Gym Bag - Black,2025-01-11,7
Gym Bag - Black,2025-01-12,7
Gym Bag - Black,2025-01-13,6
Gym Bag - Black,2025-01-14,6
Gym Bag - Black,2025-01-15,7
Gym Bag - Black,2025-01-16,4
Gym Bag - Black,2025-01-17,6
Gym Bag - Black,2025-01-18,7
Gym Bag - Black,2025-01-19,8
Gym Bag - Black,2025-01-20,4
Gym Bag - Black,2025-01-21,4
Gym Bag - Black,2025-01-22,5
Gym Bag - Black,2025-01-23,3
Gym Bag - Black,2025-01-24,5
Gym Bag - Black,2025-01-25,7
Gym Bag - Black,2025-01-26,8
Gym Bag - Black,2025-01-27,6
Gym Bag - Black,2025-01-28,7
Gym Bag - Black,2025-01-29,6
Gym Bag - Black,2025-01-30,5
Gym Bag - Black,2025-01-31,5
Gym Bag - Black,2025-02-01,7
Gym Bag - Black,2025-02-02,6
Gym Bag - Black,2025-02-03,6
Gym Bag - Black,2025-02-04,6
Gym Bag - Black,2025-02-05,5
Gym Bag - Black,2025-02-06,4
Gym Bag - Black,2025-02-07,6
Gym Bag - Black,2025-02-08,6
Gym Bag - Black,2025-02-09,7
Gym Bag - Black,2025-02-10,4
Gym Bag - Black,2025-02-11,5
Gym Bag - Black,2025-02-12,5
Gym Bag - Black,2025-02-13,5
Gym Bag - Black,2025-02-14,5
Gym Bag - Black,2025-02-15,7
Gym Bag - Black,2025-02-16,6
Gym Bag - Black,2025-02-17,5
Gym Bag - Black,2025-02-18,5
Gym Bag - Black,2025-02-19,5
Gym Bag - Black,2025-02-20,6
Gym Bag - Black,2025-02-21,4
Gym Bag - Black,2025-02-22,5
Gym Bag - Black,2025-02-23,7
Gym Bag - Black,2025-02-24,5
Gym Bag - Black,2025-02-25,5
Gym Bag - Black,2025-02-26,7
Gym Bag - Black,2025-02-27,6
Gym Bag - Black,2025-02-28,7
Gym Bag - Black,2025-03-01,7
Gym Bag - Black,2025-03-02,9
Gym Bag - Black,2025-03-03,7
Gym Bag - Black,2025-03-04,5
Gym Bag - Black,2025-03-05,6
Gym Bag - Black,2025-03-06,6
Gym Bag - Black,2025-03-07,7
Gym Bag - Black,2025-03-08,6
Gym Bag - Black,2025-03-09,8
Gym Bag - Black,2025-03-10,6
Gym Bag - Black,2025-03-11,4
Gym Bag - Black,2025-03-12,5
Gym Bag - Black,2025-03-13,4
Gym Bag - Black,2025-03-14,5
Gym Bag - Black,2025-03-15,8
Gym Bag - Black,2025-03-16,8
Gym Bag - Black,2025-03-17,6
Gym Bag - Black,2025-03-18,7
Gym Bag - Black,2025-03-19,4
Gym Bag - Black,2025-03-20,4
Gym Bag - Black,2025-03-21,5
Gym Bag - Black,2025-03-22,7
Gym Bag - Black,2025-03-23,7
Gym Bag - Black,2025-03-24,4
Gym Bag - Black,2025-03-25,6
Gym Bag - Black,2025-03-26,5
Gym Bag - Black,2025-03-27,7
Gym Bag - Black,2025-03-28,7
Gym Bag - Black,2025-03-29,8
Gym Bag - Black,2025-03-30,8
Gym Bag - Black,2025-03-31,6
Gym Bag - Black,2025-04-01,5
Gym Bag - Black,2025-04-02,6
Gym Bag - Black,2025-04-03,5
Gym Bag - Black,2025-04-04,6
Gym Bag - Black,2025-04-05,7
Gym Bag - Black,2025-04-06,7
Gym Bag - Black,2025-04-07,5
Gym Bag - Black,2025-04-08,5
Gym Bag - Black,2025-04-09,5
Gym Bag - Black,2025-04-10,5
Gym Bag - Black,2025-04-11,7
Gym Bag - Black,2025-04-12,7
Gym Bag - Black,2025-04-13,7
Gym Bag - Black,2025-04-14,6
Gym Bag - Black,2025-04-15,5
Gym Bag - Black,2025-04-16,5
Gym Bag - Black,2025-04-17,6
Gym Bag - Black,2025-04-18,6
Gym Bag - Black,2025-04-19,7
Gym Bag - Black,2025-04-20,7
Gym Bag - Black,2025-04-21,5
Gym Bag - Black,2025-04-22,4
Gym Bag - Black,2025-04-23,4
Gym Bag - Black,2025-04-24,7
Gym Bag - Black,2025-04-25,8
Gym Bag - Black,2025-04-26,8
Gym Bag - Black,2025-04-27,9
Gym Bag - Black,2025-04-28,7
Gym Bag - Black,2025-04-29,9
Gym Bag - Black,2025-04-30,7
Gym Bag - Black,2025-05-01,5
Gym Bag - Black,2025-05-02,5
Gym Bag - Black,2025-05-03,6
Gym Bag - Black,2025-05-04,7
Gym Bag - Black,2025-05-05,5
Gym Bag - Black,2025-05-06,4
Gym Bag - Black,2025-05-07,5
Gym Bag - Black,2025-05-08,5
Gym Bag - Black,2025-05-09,7
Gym Bag - Black,2025-05-10,8
Gym Bag - Black,2025-05-11,7
Gym Bag - Black,2025-05-12,7
Gym Bag - Black,2025-05-13,6
Gym Bag - Black,2025-05-14,5
Gym Bag - Black,2025-05-15,7
Gym Bag - Black,2025-05-16,6
Gym Bag - Black,2025-05-17,6
Gym Bag - Black,2025-05-18,7
Gym Bag - Black,2025-05-19,5
Gym Bag - Black,2025-05-20,4
Gym Bag - Black,2025-05-21,6
Gym Bag - Black,2025-05-22,7
Gym Bag - Black,2025-05-23,4
Gym Bag - Black,2025-05-24,8
Gym Bag - Black,2025-05-25,8
Gym Bag - Black,2025-05-26,6
Gym Bag - Black,2025-05-27,6
Gym Bag - Black,2025-05-28,6
Gym Bag - Black,2025-05-29,6
Gym Bag - Black,2025-05-30,6
Gym Bag - Black,2025-05-31,8
Gym Bag - Black,2025-06-01,6
Gym Bag - Black,2025-06-02,5
Gym Bag - Black,2025-06-03,4
Gym Bag - Black,2025-06-04,5
Gym Bag - Black,2025-06-05,6
Gym Bag - Black,2025-06-06,5
Gym Bag - Black,2025-06-07,6
Gym Bag - Black,2025-06-08,7
Gym Bag - Black,2025-06-09,6
Gym Bag - Black,2025-06-10,4
Gym Bag - Black,2025-06-11,5
Gym Bag - Black,2025-06-12,5
Gym Bag - Black,2025-06-13,5
Gym Bag - Black,2025-06-14,6
Gym Bag - Black,2025-06-15,5
Gym Bag - Black,2025-06-16,4
Gym Bag - Black,2025-06-17,5
Gym Bag - Black,2025-06-18,5
Gym Bag - Black,2025-06-19,4
Gym Bag - Black,2025-06-20,5
Gym Bag - Black,2025-06-21,5
Gym Bag - Black,2025-06-22,6
Gym Bag - Black,2025-06-23,4
Gym Bag - Black,2025-06-24,5
Gym Bag - Black,2025-06-25,6
Gym Bag - Black,2025-06-26,5
Gym Bag - Black,2025-06-27,5
Gym Bag - Black,2025-06-28,8
Gym Bag - Black,2025-06-29,7
Resistance Bands - Medium,2025-01-01,4
Resistance Bands - Medium,2025-01-02,3
Resistance Bands - Medium,2025-01-03,3
Resistance Bands - Medium,2025-01-04,5
Resistance Bands - Medium,2025-01-05,3
Resistance Bands - Medium,2025-01-06,3
Resistance Bands - Medium,2025-01-07,3
Resistance Bands - Medium,2025-01-08,3
Resistance Bands - Medium,2025-01-09,3
Resistance Bands - Medium,2025-01-10,3
Resistance Bands - Medium,2025-01-11,4
Resistance Bands - Medium,2025-01-12,4
Resistance Bands - Medium,2025-01-13,4
Resistance Bands - Medium,2025-01-14,3
Resistance Bands - Medium,2025-01-15,3
Resistance Bands - Medium,2025-01-16,3
Resistance Bands - Medium,2025-01-17,3
Resistance Bands - Medium,2025-01-18,4
Resistance Bands - Medium,2025-01-19,4
Resistance Bands - Medium,2025-01-20,3
Resistance Bands - Medium,2025-01-21,3
Resistance Bands - Medium,2025-01-22,4
Resistance Bands - Medium,2025-01-23,4
Resistance Bands - Medium,2025-01-24,3
Resistance Bands - Medium,2025-01-25,5
Resistance Bands - Medium,2025-01-26,5
Resistance Bands - Medium,2025-01-27,3
Resistance Bands - Medium,2025-01-28,3
Resistance Bands - Medium,2025-01-29,3
Resistance Bands - Medium,2025-01-30,4
Resistance Bands - Medium,2025-01-31,4
Resistance Bands - Medium,2025-02-01,5
Resistance Bands - Medium,2025-02-02,4
Resistance Bands - Medium,2025-02-03,3
Resistance Bands - Medium,2025-02-04,4
Resistance Bands - Medium,2025-02-05,2
Resistance Bands - Medium,2025-02-06,3
Resistance Bands - Medium,2025-02-07,4
Resistance Bands - Medium,2025-02-08,3
Resistance Bands - Medium,2025-02-09,5
Resistance Bands - Medium,2025-02-10,3
Resistance Bands - Medium,2025-02-11,3
Resistance Bands - Medium,2025-02-12,4
Resistance Bands - Medium,2025-02-13,4
Resistance Bands - Medium,2025-02-14,3
Resistance Bands - Medium,2025-02-15,4
Resistance Bands - Medium,2025-02-16,4
Resistance Bands - Medium,2025-02-17,3
Resistance Bands - Medium,2025-02-18,4
Resistance Bands - Medium,2025-02-19,3
Resistance Bands - Medium,2025-02-20,3
Resistance Bands - Medium,2025-02-21,3
Resistance Bands - Medium,2025-02-22,4
Resistance Bands - Medium,2025-02-23,4
Resistance Bands - Medium,2025-02-24,4
Resistance Bands - Medium,2025-02-25,3
Resistance Bands - Medium,2025-02-26,4
Resistance Bands - Medium,2025-02-27,3
Resistance Bands - Medium,2025-02-28,3
Resistance Bands - Medium,2025-03-01,5
Resistance Bands - Medium,2025-03-02,5
Resistance Bands - Medium,2025-03-03,3
Resistance Bands - Medium,2025-03-04,4
Resistance Bands - Medium,2025-03-05,4
Resistance Bands - Medium,2025-03-06,4
Resistance Bands - Medium,2025-03-07,4
Resistance Bands - Medium,2025-03-08,4
Resistance Bands - Medium,2025-03-09,4
Resistance Bands - Medium,2025-03-10,3
Resistance Bands - Medium,2025-03-11,4
Resistance Bands - Medium,2025-03-12,4
Resistance Bands - Medium,2025-03-13,3
Resistance Bands - Medium,2025-03-14,4
Resistance Bands - Medium,2025-03-15,4
Resistance Bands - Medium,2025-03-16,6
Resistance Bands - Medium,2025-03-17,4
Resistance Bands - Medium,2025-03-18,4
Resistance Bands - Medium,2025-03-19,4
Resistance Bands - Medium,2025-03-20,4
Resistance Bands - Medium,2025-03-21,4
Resistance Bands - Medium,2025-03-22,4
Resistance Bands - Medium,2025-03-23,5
Resistance Bands - Medium,2025-03-24,4
Resistance Bands - Medium,2025-03-25,5
Resistance Bands - Medium,2025-03-26,5
Resistance Bands - Medium,2025-03-27,4
Resistance Bands - Medium,2025-03-28,4
Resistance Bands - Medium,2025-03-29,5
Resistance Bands - Medium,2025-03-30,5
Resistance Bands - Medium,2025-03-31,5
Resistance Bands - Medium,2025-04-01,3
Resistance Bands - Medium,2025-04-02,4
Resistance Bands - Medium,2025-04-03,3
Resistance Bands - Medium,2025-04-04,3
Resistance Bands - Medium,2025-04-05,4
Resistance Bands - Medium,2025-04-06,4
Resistance Bands - Medium,2025-04-07,4
Resistance Bands - Medium,2025-04-08,4
Resistance Bands - Medium,2025-04-09,3
Resistance Bands - Medium,2025-04-10,3
Resistance Bands - Medium,2025-04-11,3
Resistance Bands - Medium,2025-04-12,5
Resistance Bands - Medium,2025-04-13,4
Resistance Bands - Medium,2025-04-14,3
Resistance Bands - Medium,2025-04-15,3
Resistance Bands - Medium,2025-04-16,3
Resistance Bands - Medium,2025-04-17,2
Resistance Bands - Medium,2025-04-18,3
Resistance Bands - Medium,2025-04-19,4
Resistance Bands - Medium,2025-04-20,5
Resistance Bands - Medium,2025-04-21,4
Resistance Bands - Medium,2025-04-22,4
Resistance Bands - Medium,2025-04-23,3
Resistance Bands - Medium,2025-04-24,3
Resistance Bands - Medium,2025-04-25,5
Resistance Bands - Medium,2025-04-26,5
Resistance Bands - Medium,2025-04-27,5
Resistance Bands - Medium,2025-04-28,4
Resistance Bands - Medium,2025-04-29,4
Resistance Bands - Medium,2025-04-30,4
Resistance Bands - Medium,2025-05-01,3
Resistance Bands - Medium,2025-05-02,3
Resistance Bands - Medium,2025-05-03,5
Resistance Bands - Medium,2025-05-04,4
Resistance Bands - Medium,2025-05-05,3
Resistance Bands - Medium,2025-05-06,4
Resistance Bands - Medium,2025-05-07,3
Resistance Bands - Medium,2025-05-08,4
Resistance Bands - Medium,2025-05-09,2
Resistance Bands - Medium,2025-05-10,5
Resistance Bands - Medium,2025-05-11,5
Resistance Bands - Medium,2025-05-12,3
Resistance Bands - Medium,2025-05-13,3
Resistance Bands - Medium,2025-05-14,3
Resistance Bands - Medium,2025-05-15,3
Resistance Bands - Medium,2025-05-16,3
Resistance Bands - Medium,2025-05-17,4
Resistance Bands - Medium,2025-05-18,5
Resistance Bands - Medium,2025-05-19,4
Resistance Bands - Medium,2025-05-20,4
Resistance Bands - Medium,2025-05-21,4
Resistance Bands - Medium,2025-05-22,3
Resistance Bands - Medium,2025-05-23,3
Resistance Bands - Medium,2025-05-24,5
Resistance Bands - Medium,2025-05-25,5
Resistance Bands - Medium,2025-05-26,4
Resistance Bands - Medium,2025-05-27,4
Resistance Bands - Medium,2025-05-28,4
Resistance Bands - Medium,2025-05-29,4
Resistance Bands - Medium,2025-05-30,4
Resistance Bands - Medium,2025-05-31,5
Resistance Bands - Medium,2025-06-01,5
Resistance Bands - Medium,2025-06-02,3
Resistance Bands - Medium,2025-06-03,3
Resistance Bands - Medium,2025-06-04,3
Resistance Bands - Medium,2025-06-05,3
Resistance Bands - Medium,2025-06-06,3
Resistance Bands - Medium,2025-06-07,4
Resistance Bands - Medium,2025-06-08,5
Resistance Bands - Medium,2025-06-09,3
Resistance Bands - Medium,2025-06-10,3
Resistance Bands - Medium,2025-06-11,4
Resistance Bands - Medium,2025-06-12,3
Resistance Bands - Medium,2025-06-13,3
Resistance Bands - Medium,2025-06-14,3
Resistance Bands - Medium,2025-06-15,4
Resistance Bands - Medium,2025-06-16,3
Resistance Bands - Medium,2025-06-17,4
Resistance Bands - Medium,2025-06-18,2
Resistance Bands - Medium,2025-06-19,4
Resistance Bands - Medium,2025-06-20,3
Resistance Bands - Medium,2025-06-21,4
Resistance Bands - Medium,2025-06-22,4
Resistance Bands - Medium,2025-06-23,3
Resistance Bands - Medium,2025-06-24,3
Resistance Bands - Medium,2025-06-25,4
Resistance Bands - Medium,2025-06-26,4
Resistance Bands - Medium,2025-06-27,4
Resistance Bands - Medium,2025-06-28,5
Resistance Bands - Medium,2025-06-29,5
Yoga Mat - Black,2025-01-01,2
Yoga Mat - Black,2025-01-02,1
Yoga Mat - Black,2025-01-03,1
Yoga Mat - Black,2025-01-04,3
Yoga Mat - Black,2025-01-05,2
Yoga Mat - Black,2025-01-06,2
Yoga Mat - Black,2025-01-07,2
Yoga Mat - Black,2025-01-08,2
Yoga Mat - Black,2025-01-09,2
Yoga Mat - Black,2025-01-10,2
Yoga Mat - Black,2025-01-11,2
Yoga Mat - Black,2025-01-12,2
Yoga Mat - Black,2025-01-13,2
Yoga Mat - Black,2025-01-14,1
Yoga Mat - Black,2025-01-15,2
Yoga Mat - Black,2025-01-16,2
Yoga Mat - Black,2025-01-17,2
Yoga Mat - Black,2025-01-18,3
Yoga Mat - Black,2025-01-19,3
Yoga Mat - Black,2025-01-20,2
Yoga Mat - Black,2025-01-21,1
Yoga Mat - Black,2025-01-22,1
Yoga Mat - Black,2025-01-23,2
Yoga Mat - Black,2025-01-24,2
Yoga Mat - Black,2025-01-25,3
Yoga Mat - Black,2025-01-26,2
Yoga Mat - Black,2025-01-27,2
Yoga Mat - Black,2025-01-28,2
Yoga Mat - Black,2025-01-29,2
Yoga Mat - Black,2025-01-30,2
Yoga Mat - Black,2025-01-31,2
Yoga Mat - Black,2025-02-01,2
Yoga Mat - Black,2025-02-02,2
Yoga Mat - Black,2025-02-03,2
Yoga Mat - Black,2025-02-04,2
Yoga Mat - Black,2025-02-05,3
Yoga Mat - Black,2025-02-06,2
Yoga Mat - Black,2025-02-07,2
Yoga Mat - Black,2025-02-08,2
Yoga Mat - Black,2025-02-09,3
Yoga Mat - Black,2025-02-10,2
Yoga Mat - Black,2025-02-11,2
Yoga Mat - Black,2025-02-12,2
Yoga Mat - Black,2025-02-13,2
Yoga Mat - Black,2025-02-14,2
Yoga Mat - Black,2025-02-15,2
Yoga Mat - Black,2025-02-16,2
Yoga Mat - Black,2025-02-17,2
Yoga Mat - Black,2025-02-18,2
Yoga Mat - Black,2025-02-19,2
Yoga Mat - Black,2025-02-20,2
Yoga Mat - Black,2025-02-21,2
Yoga Mat - Black,2025-02-22,3
Yoga Mat - Black,2025-02-23,3
Yoga Mat - Black,2025-02-24,2
Yoga Mat - Black,2025-02-25,2
Yoga Mat - Black,2025-02-26,2
Yoga Mat - Black,2025-02-27,2
Yoga Mat - Black,2025-02-28,2
Yoga Mat - Black,2025-03-01,3
Yoga Mat - Black,2025-03-02,3
Yoga Mat - Black,2025-03-03,2
Yoga Mat - Black,2025-03-04,2
Yoga Mat - Black,2025-03-05,2
Yoga Mat - Black,2025-03-06,2
Yoga Mat - Black,2025-03-07,2
Yoga Mat - Black,2025-03-08,3
Yoga Mat - Black,2025-03-09,3
Yoga Mat - Black,2025-03-10,2
Yoga Mat - Black,2025-03-11,2
Yoga Mat - Black,2025-03-12,2
Yoga Mat - Black,2025-03-13,2
Yoga Mat - Black,2025-03-14,2
Yoga Mat - Black,2025-03-15,2
Yoga Mat - Black,2025-03-16,2
Yoga Mat - Black,2025-03-17,2
Yoga Mat - Black,2025-03-18,2
Yoga Mat - Black,2025-03-19,2
Yoga Mat - Black,2025-03-20,2
Yoga Mat - Black,2025-03-21,2
Yoga Mat - Black,2025-03-22,3
Yoga Mat - Black,2025-03-23,2
Yoga Mat - Black,2025-03-24,2
Yoga Mat - Black,2025-03-25,2
Yoga Mat - Black,2025-03-26,2
Yoga Mat - Black,2025-03-27,2
Yoga Mat - Black,2025-03-28,2
Yoga Mat - Black,2025-03-29,3
Yoga Mat - Black,2025-03-30,3
Yoga Mat - Black,2025-03-31,2
Yoga Mat - Black,2025-04-01,2
Yoga Mat - Black,2025-04-02,2
Yoga Mat - Black,2025-04-03,2
Yoga Mat - Black,2025-04-04,2
Yoga Mat - Black,2025-04-05,3
Yoga Mat - Black,2025-04-06,2
Yoga Mat - Black,2025-04-07,2
Yoga Mat - Black,2025-04-08,2
Yoga Mat - Black,2025-04-09,2
Yoga Mat - Black,2025-04-10,2
Yoga Mat - Black,2025-04-11,2
Yoga Mat - Black,2025-04-12,3
Yoga Mat - Black,2025-04-13,3
Yoga Mat - Black,2025-04-14,2
Yoga Mat - Black,2025-04-15,2
Yoga Mat - Black,2025-04-16,2
Yoga Mat - Black,2025-04-17,2
Yoga Mat - Black,2025-04-18,2
Yoga Mat - Black,2025-04-19,2
Yoga Mat - Black,2025-04-20,2
Yoga Mat - Black,2025-04-21,2
Yoga Mat - Black,2025-04-22,2
Yoga Mat - Black,2025-04-23,2
Yoga Mat - Black,2025-04-24,2
Yoga Mat - Black,2025-04-25,2
Yoga Mat - Black,2025-04-26,3
Yoga Mat - Black,2025-04-27,3
Yoga Mat - Black,2025-04-28,2
Yoga Mat - Black,2025-04-29,3
Yoga Mat - Black,2025-04-30,2
Yoga Mat - Black,2025-05-01,2
Yoga Mat - Black,2025-05-02,2
Yoga Mat - Black,2025-05-03,2
Yoga Mat - Black,2025-05-04,3
Yoga Mat - Black,2025-05-05,2
Yoga Mat - Black,2025-05-06,2
Yoga Mat - Black,2025-05-07,2
Yoga Mat - Black,2025-05-08,3
Yoga Mat - Black,2025-05-09,2
Yoga Mat - Black,2025-05-10,2
Yoga Mat - Black,2025-05-11,2
Yoga Mat - Black,2025-05-12,2
Yoga Mat - Black,2025-05-13,2
Yoga Mat - Black,2025-05-14,2
Yoga Mat - Black,2025-05-15,2
Yoga Mat - Black,2025-05-16,2
Yoga Mat - Black,2025-05-17,2
Yoga Mat - Black,2025-05-18,3
Yoga Mat - Black,2025-05-19,2
Yoga Mat - Black,2025-05-20,2
Yoga Mat - Black,2025-05-21,2
Yoga Mat - Black,2025-05-22,2
Yoga Mat - Black,2025-05-23,2
Yoga Mat - Black,2025-05-24,3
Yoga Mat - Black,2025-05-25,3
Yoga Mat - Black,2025-05-26,2
Yoga Mat - Black,2025-05-27,2
Yoga Mat - Black,2025-05-28,2
Yoga Mat - Black,2025-05-29,2
Yoga Mat - Black,2025-05-30,3
Yoga Mat - Black,2025-05-31,3
Yoga Mat - Black,2025-06-01,2
Yoga Mat - Black,2025-06-02,1
Yoga Mat - Black,2025-06-03,2
Yoga Mat - Black,2025-06-04,2
Yoga Mat - Black,2025-06-05,2
Yoga Mat - Black,2025-06-06,2
Yoga Mat - Black,2025-06-07,2
Yoga Mat - Black,2025-06-08,2
Yoga Mat - Black,2025-06-09,2
Yoga Mat - Black,2025-06-10,2
Yoga Mat - Black,2025-06-11,2
Yoga Mat - Black,2025-06-12,2
Yoga Mat - Black,2025-06-13,2
Yoga Mat - Black,2025-06-14,3
Yoga Mat - Black,2025-06-15,3
Yoga Mat - Black,2025-06-16,2
Yoga Mat - Black,2025-06-17,2
Yoga Mat - Black,2025-06-18,2
Yoga Mat - Black,2025-06-19,2
Yoga Mat - Black,2025-06-20,2
Yoga Mat - Black,2025-06-21,2
Yoga Mat - Black,2025-06-22,3
Yoga Mat - Black,2025-06-23,2
Yoga Mat - Black,2025-06-24,2
Yoga Mat - Black,2025-06-25,2
Yoga Mat - Black,2025-06-26,2
Yoga Mat - Black,2025-06-27,2
Yoga Mat - Black,2025-06-28,3
Yoga Mat - Black,2025-06-29,2
Water Bottle - 1L,2025-01-01,6
Water Bottle - 1L,2025-01-02,6
Water Bottle - 1L,2025-01-03,6
Water Bottle - 1L,2025-01-04,9
Water Bottle - 1L,2025-01-05,8
Water Bottle - 1L,2025-01-06,6
Water Bottle - 1L,2025-01-07,5
Water Bottle - 1L,2025-01-08,7
Water Bottle - 1L,2025-01-09,7
Water Bottle - 1L,2025-01-10,8
Water Bottle - 1L,2025-01-11,8
Water Bottle - 1L,2025-01-12,8
Water Bottle - 1L,2025-01-13,6
Water Bottle - 1L,2025-01-14,7
Water Bottle - 1L,2025-01-15,6
Water Bottle - 1L,2025-01-16,6
Water Bottle - 1L,2025-01-17,7
Water Bottle - 1L,2025-01-18,8
Water Bottle - 1L,2025-01-19,7
Water Bottle - 1L,2025-01-20,6
Water Bottle - 1L,2025-01-21,7
Water Bottle - 1L,2025-01-22,5
Water Bottle - 1L,2025-01-23,6
Water Bottle - 1L,2025-01-24,5
Water Bottle - 1L,2025-01-25,10
Water Bottle - 1L,2025-01-26,8
Water Bottle - 1L,2025-01-27,6
Water Bottle - 1L,2025-01-28,7
Water Bottle - 1L,2025-01-29,8
Water Bottle - 1L,2025-01-30,7
Water Bottle - 1L,2025-01-31,6
Water Bottle - 1L,2025-02-01,9
Water Bottle - 1L,2025-02-02,6
Water Bottle - 1L,2025-02-03,4
Water Bottle - 1L,2025-02-04,6
Water Bottle - 1L,2025-02-05,6
Water Bottle - 1L,2025-02-06,5
Water Bottle - 1L,2025-02-07,7
Water Bottle - 1L,2025-02-08,8
Water Bottle - 1L,2025-02-09,7
Water Bottle - 1L,2025-02-10,5
Water Bottle - 1L,2025-02-11,7
Water Bottle - 1L,2025-02-12,7
Water Bottle - 1L,2025-02-13,6
Water Bottle - 1L,2025-02-14,8
Water Bottle - 1L,2025-02-15,7
Water Bottle - 1L,2025-02-16,6
Water Bottle - 1L,2025-02-17,5
Water Bottle - 1L,2025-02-18,6
Water Bottle - 1L,2025-02-19,6
Water Bottle - 1L,2025-02-20,6
Water Bottle - 1L,2025-02-21,6
Water Bottle - 1L,2025-02-22,7
Water Bottle - 1L,2025-02-23,9
Water Bottle - 1L,2025-02-24,6
Water Bottle - 1L,2025-02-25,8
Water Bottle - 1L,2025-02-26,7
Water Bottle - 1L,2025-02-27,7
Water Bottle - 1L,2025-02-28,7
Water Bottle - 1L,2025-03-01,9
Water Bottle - 1L,2025-03-02,9
Water Bottle - 1L,2025-03-03,8
Water Bottle - 1L,2025-03-04,7
Water Bottle - 1L,2025-03-05,7
Water Bottle - 1L,2025-03-06,7
Water Bottle - 1L,2025-03-07,8
Water Bottle - 1L,2025-03-08,8
Water Bottle - 1L,2025-03-09,10
Water Bottle - 1L,2025-03-10,7
Water Bottle - 1L,2025-03-11,5
Water Bottle - 1L,2025-03-12,7
Water Bottle - 1L,2025-03-13,6
Water Bottle - 1L,2025-03-14,7
Water Bottle - 1L,2025-03-15,8
Water Bottle - 1L,2025-03-16,8
Water Bottle - 1L,2025-03-17,5
Water Bottle - 1L,2025-03-18,6
Water Bottle - 1L,2025-03-19,4
Water Bottle - 1L,2025-03-20,5
Water Bottle - 1L,2025-03-21,7
Water Bottle - 1L,2025-03-22,9
Water Bottle - 1L,2025-03-23,9
Water Bottle - 1L,2025-03-24,6
Water Bottle - 1L,2025-03-25,8
Water Bottle - 1L,2025-03-26,8
Water Bottle - 1L,2025-03-27,7
Water Bottle - 1L,2025-03-28,9
Water Bottle - 1L,2025-03-29,11
Water Bottle - 1L,2025-03-30,10
Water Bottle - 1L,2025-03-31,8
Water Bottle - 1L,2025-04-01,7
Water Bottle - 1L,2025-04-02,5
Water Bottle - 1L,2025-04-03,6
Water Bottle - 1L,2025-04-04,6
Water Bottle - 1L,2025-04-05,8
Water Bottle - 1L,2025-04-06,8
Water Bottle - 1L,2025-04-07,8
Water Bottle - 1L,2025-04-08,7
Water Bottle - 1L,2025-04-09,6
Water Bottle - 1L,2025-04-10,7
Water Bottle - 1L,2025-04-11,8
Water Bottle - 1L,2025-04-12,9
Water Bottle - 1L,2025-04-13,9
Water Bottle - 1L,2025-04-14,6
Water Bottle - 1L,2025-04-15,7
Water Bottle - 1L,2025-04-16,7
Water Bottle - 1L,2025-04-17,7
Water Bottle - 1L,2025-04-18,7
Water Bottle - 1L,2025-04-19,10
Water Bottle - 1L,2025-04-20,8
Water Bottle - 1L,2025-04-21,8
Water Bottle - 1L,2025-04-22,7
Water Bottle - 1L,2025-04-23,8
Water Bottle - 1L,2025-04-24,6
Water Bottle - 1L,2025-04-25,9
Water Bottle - 1L,2025-04-26,10
Water Bottle - 1L,2025-04-27,9
Water Bottle - 1L,2025-04-28,7
Water Bottle - 1L,2025-04-29,7
Water Bottle - 1L,2025-04-30,8
Water Bottle - 1L,2025-05-01,7
Water Bottle - 1L,2025-05-02,6
Water Bottle - 1L,2025-05-03,9
Water Bottle - 1L,2025-05-04,11
Water Bottle - 1L,2025-05-05,8
Water Bottle - 1L,2025-05-06,7
Water Bottle - 1L,2025-05-07,7
Water Bottle - 1L,2025-05-08,7
Water Bottle - 1L,2025-05-09,7
Water Bottle - 1L,2025-05-10,8
Water Bottle - 1L,2025-05-11,8
Water Bottle - 1L,2025-05-12,5
Water Bottle - 1L,2025-05-13,7
Water Bottle - 1L,2025-05-14,7
Water Bottle - 1L,2025-05-15,6
Water Bottle - 1L,2025-05-16,8
Water Bottle - 1L,2025-05-17,7
Water Bottle - 1L,2025-05-18,7
Water Bottle - 1L,2025-05-19,7
Water Bottle - 1L,2025-05-20,8
Water Bottle - 1L,2025-05-21,8
Water Bottle - 1L,2025-05-22,6
Water Bottle - 1L,2025-05-23,8
Water Bottle - 1L,2025-05-24,9
Water Bottle - 1L,2025-05-25,10
Water Bottle - 1L,2025-05-26,8
Water Bottle - 1L,2025-05-27,8
Water Bottle - 1L,2025-05-28,6
Water Bottle - 1L,2025-05-29,9
Water Bottle - 1L,2025-05-30,9
Water Bottle - 1L,2025-05-31,9
Water Bottle - 1L,2025-06-01,8
Water Bottle - 1L,2025-06-02,6
Water Bottle - 1L,2025-06-03,6
Water Bottle - 1L,2025-06-04,6
Water Bottle - 1L,2025-06-05,5
Water Bottle - 1L,2025-06-06,6
Water Bottle - 1L,2025-06-07,9
Water Bottle - 1L,2025-06-08,8
Water Bottle - 1L,2025-06-09,6
Water Bottle - 1L,2025-06-10,7
Water Bottle - 1L,2025-06-11,3
Water Bottle - 1L,2025-06-12,7
Water Bottle - 1L,2025-06-13,4
Water Bottle - 1L,2025-06-14,7
Water Bottle - 1L,2025-06-15,7
Water Bottle - 1L,2025-06-16,5
Water Bottle - 1L,2025-06-17,7
Water Bottle - 1L,2025-06-18,6
Water Bottle - 1L,2025-06-19,6
Water Bottle - 1L,2025-06-20,6
Water Bottle - 1L,2025-06-21,8
Water Bottle - 1L,2025-06-22,8
Water Bottle - 1L,2025-06-23,5
Water Bottle - 1L,2025-06-24,7
Water Bottle - 1L,2025-06-25,6
Water Bottle - 1L,2025-06-26,5
Water Bottle - 1L,2025-06-27,7
Water Bottle - 1L,2025-06-28,10
Water Bottle - 1L,2025-06-29,10
Jump Rope,2025-01-01,5
Jump Rope,2025-01-02,5
Jump Rope,2025-01-03,5
Jump Rope,2025-01-04,8
Jump Rope,2025-01-05,7
Jump Rope,2025-01-06,5
Jump Rope,2025-01-07,6
Jump Rope,2025-01-08,5
Jump Rope,2025-01-09,5
Jump Rope,2025-01-10,5
Jump Rope,2025-01-11,6
Jump Rope,2025-01-12,6
Jump Rope,2025-01-13,6
Jump Rope,2025-01-14,5
Jump Rope,2025-01-15,6
Jump Rope,2025-01-16,5
Jump Rope,2025-01-17,5
Jump Rope,2025-01-18,5
Jump Rope,2025-01-19,7
Jump Rope,2025-01-20,5
Jump Rope,2025-01-21,6
Jump Rope,2025-01-22,3
Jump Rope,2025-01-23,7
Jump Rope,2025-01-24,5
Jump Rope,2025-01-25,8
Jump Rope,2025-01-26,7
Jump Rope,2025-01-27,6
Jump Rope,2025-01-28,5
Jump Rope,2025-01-29,5
Jump Rope,2025-01-30,7
Jump Rope,2025-01-31,6
Jump Rope,2025-02-01,7
Jump Rope,2025-02-02,7
Jump Rope,2025-02-03,5
Jump Rope,2025-02-04,5
Jump Rope,2025-02-05,5
Jump Rope,2025-02-06,7
Jump Rope,2025-02-07,5
Jump Rope,2025-02-08,7
Jump Rope,2025-02-09,7
Jump Rope,2025-02-10,6
Jump Rope,2025-02-11,6
Jump Rope,2025-02-12,5
Jump Rope,2025-02-13,4
Jump Rope,2025-02-14,6
Jump Rope,2025-02-15,6
Jump Rope,2025-02-16,7
Jump Rope,2025-02-17,4
Jump Rope,2025-02-18,5
Jump Rope,2025-02-19,5
Jump Rope,2025-02-20,5
Jump Rope,2025-02-21,5
Jump Rope,2025-02-22,8
Jump Rope,2025-02-23,7
Jump Rope,2025-02-24,5
Jump Rope,2025-02-25,6
Jump Rope,2025-02-26,7
Jump Rope,2025-02-27,5
Jump Rope,2025-02-28,6
Jump Rope,2025-03-01,8
Jump Rope,2025-03-02,7
Jump Rope,2025-03-03,7
Jump Rope,2025-03-04,5
Jump Rope,2025-03-05,6
Jump Rope,2025-03-06,5
Jump Rope,2025-03-07,6
Jump Rope,2025-03-08,6
Jump Rope,2025-03-09,6
Jump Rope,2025-03-10,7
Jump Rope,2025-03-11,5
Jump Rope,2025-03-12,5
Jump Rope,2025-03-13,4
Jump Rope,2025-03-14,5
Jump Rope,2025-03-15,6
Jump Rope,2025-03-16,8
Jump Rope,2025-03-17,6
Jump Rope,2025-03-18,5
Jump Rope,2025-03-19,7
Jump Rope,2025-03-20,6
Jump Rope,2025-03-21,5
Jump Rope,2025-03-22,5
Jump Rope,2025-03-23,9
Jump Rope,2025-03-24,4
Jump Rope,2025-03-25,5
Jump Rope,2025-03-26,7
Jump Rope,2025-03-27,8
Jump Rope,2025-03-28,7
Jump Rope,2025-03-29,9
Jump Rope,2025-03-30,9
Jump Rope,2025-03-31,7
Jump Rope,2025-04-01,6
Jump Rope,2025-04-02,6
Jump Rope,2025-04-03,6
Jump Rope,2025-04-04,5
Jump Rope,2025-04-05,7
Jump Rope,2025-04-06,7
Jump Rope,2025-04-07,4
Jump Rope,2025-04-08,5
Jump Rope,2025-04-09,5
Jump Rope,2025-04-10,5
Jump Rope,2025-04-11,6
Jump Rope,2025-04-12,8
Jump Rope,2025-04-13,8
Jump Rope,2025-04-14,4
Jump Rope,2025-04-15,5
Jump Rope,2025-04-16,6
Jump Rope,2025-04-17,5
Jump Rope,2025-04-18,5
Jump Rope,2025-04-19,8
Jump Rope,2025-04-20,6
Jump Rope,2025-04-21,6
Jump Rope,2025-04-22,4
Jump Rope,2025-04-23,5
Jump Rope,2025-04-24,6
Jump Rope,2025-04-25,5
Jump Rope,2025-04-26,9
Jump Rope,2025-04-27,8
Jump Rope,2025-04-28,7
Jump Rope,2025-04-29,6
Jump Rope,2025-04-30,7
Jump Rope,2025-05-01,6
Jump Rope,2025-05-02,5
Jump Rope,2025-05-03,7
Jump Rope,2025-05-04,8
Jump Rope,2025-05-05,6
Jump Rope,2025-05-06,6
Jump Rope,2025-05-07,5
Jump Rope,2025-05-08,5
Jump Rope,2025-05-09,4
Jump Rope,2025-05-10,8
Jump Rope,2025-05-11,6
Jump Rope,2025-05-12,5
Jump Rope,2025-05-13,5
Jump Rope,2025-05-14,6
Jump Rope,2025-05-15,5
Jump Rope,2025-05-16,6
Jump Rope,2025-05-17,7
Jump Rope,2025-05-18,7
Jump Rope,2025-05-19,5
Jump Rope,2025-05-20,7
Jump Rope,2025-05-21,5
Jump Rope,2025-05-22,6
Jump Rope,2025-05-23,6
Jump Rope,2025-05-24,7
Jump Rope,2025-05-25,8
Jump Rope,2025-05-26,6
Jump Rope,2025-05-27,6
Jump Rope,2025-05-28,6
Jump Rope,2025-05-29,7
Jump Rope,2025-05-30,8
Jump Rope,2025-05-31,8
Jump Rope,2025-06-01,5
Jump Rope,2025-06-02,5
Jump Rope,2025-06-03,7
Jump Rope,2025-06-04,4
Jump Rope,2025-06-05,6
Jump Rope,2025-06-06,6
Jump Rope,2025-06-07,6
Jump Rope,2025-06-08,7
Jump Rope,2025-06-09,6
Jump Rope,2025-06-10,5
Jump Rope,2025-06-11,5
Jump Rope,2025-06-12,5
Jump Rope,2025-06-13,4
Jump Rope,2025-06-14,6
Jump Rope,2025-06-15,6
Jump Rope,2025-06-16,5
Jump Rope,2025-06-17,4
Jump Rope,2025-06-18,5
Jump Rope,2025-06-19,4
Jump Rope,2025-06-20,5
Jump Rope,2025-06-21,7
Jump Rope,2025-06-22,5
Jump Rope,2025-06-23,5
Jump Rope,2025-06-24,6
Jump Rope,2025-06-25,5
Jump Rope,2025-06-26,7
Jump Rope,2025-06-27,6
Jump Rope,2025-06-28,7
Jump Rope,2025-06-29,7
